INSERT INTO "public"."checklist" ("id", "label", "value", "quantity", "unit", "notes", "created_at") VALUES ('770e8400-e29b-41d4-a716-446655440002', 'Vệ sinh lưới lọc', 'clean_filter', '1', 'cái', null, '2025-08-14 18:32:07.840411+00'), ('770e8400-e29b-41d4-a716-446655440004', 'Phun thuốc diệt muỗi khu vực trong nhà', 'phun_thuốc_diệt_muỗi_khu_vực_trong_nhà', '1', 'khu vực', '', '2025-08-14 18:32:07.840411+00'), ('770e8400-e29b-41d4-a716-446655440005', 'Đặt bẫy gián tại bếp', 'place_cockroach_trap', '1', 'cái', null, '2025-08-14 18:32:07.840411+00'), ('770e8400-e29b-41d4-a716-446655440006', 'Kiểm tra các khe hở', 'kiểm_tra_các_khe_hở', '1', 'vị trí', '', '2025-08-14 18:32:07.840411+00'), ('814e098c-c9ec-4206-aa92-fc9b2bba62f4', 'Đặt bẫy chuột', 'đặt_bẫy_chuột', '1', 'cái', '', '2025-08-14 10:17:32.580199+00'), ('83dcc388-21a3-4981-8a75-e4c5f0015a7c', 'Kiểm tra thuốc chuột', 'kiểm_tra_thuốc_chuột', '1', 'vị trí', '', '2025-08-14 10:29:03.081641+00'), ('96dc9588-1851-4ed3-9f6f-b3d178d3b83d', 'Kiểm tra mối', 'kiểm_tra_mối', '1', 'vị trí', '', '2025-08-14 10:29:03.081641+00'), ('e165e2e1-ddfd-4ebf-a25c-43e7ee42bf15', 'Đặt bẫy ruồi', 'đặt_bẫy_ruồi', '1', 'cái', '', '2025-08-14 10:28:21.715721+00');
INSERT INTO "public"."customers" ("id", "customer_code", "customer_type", "name", "tax_code", "primary_contact_name", "primary_contact_phone", "primary_contact_email", "primary_contact_position", "notes", "created_at", "google_map_code", "address", "ward", "district", "province", "site_contact_name", "site_contact_position", "site_contact_phone", "province_name", "district_name", "ward_name") VALUES ('550e8400-e29b-41d4-a716-446655440001', 'DN000001', 'Doanh nghiệp', 'Công ty TNHH ABC', '0301424908', 'Chị Lan', '0901234567', 'lan@abc.com', 'Quản lý chất lượng', null, '2025-08-14 18:31:50.456516+00', null, '123 Đường Nguyễn Huệ', 'Bến Nghé', 'Quận 1', 'TP.HCM', 'Bùi Thị Hoa', 'Quản lý cơ sở', null, null, null, null), ('550e8400-e29b-41d4-a716-446655440002', 'DN000012', 'Doanh nghiệp', 'Công ty TNHH XYZ', '0373134129', 'Anh Bình', '0908765432', 'binh@xyz.com', 'Quản lý chất lượng', null, '2025-08-14 18:31:50.456516+00', null, '456 Đường Trần Hưng Đạo', 'Nguyễn Cư Trinh', 'Quận 5', 'TP.HCM', 'Đặng Thị Hương', 'Quản lý cơ sở', null, null, null, null), ('550e8400-e29b-41d4-a716-446655440003', 'CN000003', 'Cá nhân', 'Nhà riêng Anh Tuấn', null, 'Anh Tuấn', '0912345678', 'tuan@email.com', 'Chủ nhà', null, '2025-08-14 18:31:50.456516+00', null, '789 Đường Lê Lợi', 'Võ Thị Sáu', 'Quận 3', 'TP.HCM', 'Đỗ Thị Thu Hà', 'Chủ nhà', null, null, null, null), ('9dc6e168-0c3d-4a1f-8d8b-741048c94357', 'CN000001', 'Cá nhân', 'Nguyễn Văn Nam', null, 'Phạm Thị Lan', '0909747747', 'a@gmail.com', 'Chủ nhà', 'q', '2025-08-13 23:24:19.538886+00', '@10.7907774,106.6953672', 'số 15/25 Đường Thạnh Xuân 25', '2821', '84', '10', 'Hoàng Thị Ngọc', 'Chủ nhà', '0909111111', 'Tỉnh Lào Cai', 'Huyện Si Ma Cai', 'Xã Cán Cấu'), ('c1111111-e29b-41d4-a716-446655440001', 'DN000101', 'Doanh nghiệp', 'Công ty Diệt Mối Xanh', '0330122862', 'Anh Hải', '0907471001', 'hai@xanh.com', 'Quản lý chất lượng', null, '2025-08-15 03:13:29.940067+00', null, '101 Đường Xanh', 'Phường 1', 'Quận 1', 'TP.HCM', 'Huỳnh Thị Tuyết', 'Quản lý cơ sở', null, null, null, null), ('c1111111-e29b-41d4-a716-446655440002', 'DN000102', 'Doanh nghiệp', 'Cửa hàng Tạp hóa Thu Hiền', '0316204117', 'Chị Hiền', '0907471002', 'hien@taphoa.com', 'Quản lý chất lượng', null, '2025-08-15 03:13:29.940067+00', null, '102 Đường Hoa', 'Phường 2', 'Quận 2', 'TP.HCM', 'Lê Văn Tâm', 'Quản lý cơ sở', null, null, null, null), ('c1111111-e29b-41d4-a716-446655440003', 'DN000103', 'Doanh nghiệp', 'Xưởng Gỗ An Phát', '0392282995', 'Anh Phát', '0907471003', 'phat@goxuong.com', 'Quản lý chất lượng', null, '2025-08-15 03:13:29.940067+00', null, '103 Đường Công Nghiệp', 'Phường 3', 'Quận 3', 'TP.HCM', 'Lý Thị Bích', 'Quản lý cơ sở', null, null, null, null), ('c1111111-e29b-41d4-a716-446655440004', 'DN000104', 'Doanh nghiệp', 'Trường Tiểu học Hoa Sen', '0315269848', 'Cô Liên', '0907471004', 'lien@hoasen.edu', 'Quản lý chất lượng', null, '2025-08-15 03:13:29.940067+00', null, '104 Đường Học', 'Phường 4', 'Quận 4', 'TP.HCM', 'Ngô Minh Nhật', 'Quản lý cơ sở', null, null, null, null), ('c1111111-e29b-41d4-a716-446655440005', 'DN000105', 'Doanh nghiệp', 'Nhà hàng Biển Xanh', '0380855201', 'Anh Sơn', '0907471005', 'son@bienxanh.com', 'Quản lý chất lượng', null, '2025-08-15 03:13:29.940067+00', null, '105 Đường Biển', 'Phường 5', 'Quận 5', 'TP.HCM', 'Nguyễn Thị Mai', 'Quản lý cơ sở', null, null, null, null), ('c1111111-e29b-41d4-a716-446655440006', 'DN000106', 'Doanh nghiệp', 'Chung cư An Lạc', '0300758086', 'BQL Tầng Trệt', '0907471006', 'bql@anlac.com', 'Quản lý chất lượng', null, '2025-08-15 03:13:29.940067+00', null, '106 Đường An Lạc', 'Phường 6', 'Quận 6', 'TP.HCM', 'Phan Văn Cường', 'Quản lý cơ sở', null, null, null, null), ('c1111111-e29b-41d4-a716-446655440007', 'DN000107', 'Doanh nghiệp', 'Siêu thị Mini Hồng Ngọc', '0399954633', 'Chị Ngọc', '0907471007', 'ngoc@hongngoc.com', 'Quản lý chất lượng', null, '2025-08-15 03:13:29.940067+00', null, '107 Đường Siêu Thị', 'Phường 7', 'Quận 7', 'TP.HCM', 'Tạ Văn Quang', 'Quản lý cơ sở', null, null, null, null), ('c1111111-e29b-41d4-a716-446655440008', 'DN000108', 'Doanh nghiệp', 'Trang trại Gia súc Bình An', '0334476065', 'Anh Bình', '0907471008', 'binh@binhan.com', 'Quản lý chất lượng', null, '2025-08-15 03:13:29.940067+00', null, '108 Đường Đồng', 'Phường 8', 'Quận 8', 'TP.HCM', 'Trần Văn Hùng', 'Quản lý cơ sở', null, null, null, null), ('c1111111-e29b-41d4-a716-446655440009', 'DN000109', 'Doanh nghiệp', 'Công ty Sản Xuất Bao Bì Thành Công', '0398055125', 'Anh Công', '0907471009', 'cong@thanhcong.com', 'Quản lý chất lượng', null, '2025-08-15 03:13:29.940067+00', null, '109 Đường Bao Bì', 'Phường 9', 'Quận 9', 'TP.HCM', 'Trịnh Văn Long', 'Quản lý cơ sở', null, null, null, null), ('c1111111-e29b-41d4-a716-446655440010', 'DN000110', 'Doanh nghiệp', 'Kho Hàng Nam Sơn', '0375886592', 'Anh Nam', '0907471010', 'nam@namson.com', 'Quản lý chất lượng', null, '2025-08-15 03:13:29.940067+00', null, '110 Đường Kho', 'Phường 10', 'Quận 10', 'TP.HCM', 'Võ Văn Khánh', 'Quản lý cơ sở', null, null, null, null), ('f09af1b4-7f97-403d-8095-4455cd586c9d', 'DN000003', 'Doanh nghiệp', 'Công ty Nam Giang', '0302141126', 'Phạm Thị Lan', '0993399490', 'a@gmail.com', 'Quản lý chất lượng', 's', '2025-08-14 00:13:57.715734+00', '@10.7907774,106.6953672', '121xa', '9262', '259', '27', 'Phạm Thị Lan', 'Quản lý cơ sở', '0909999999', 'Tỉnh Bắc Ninh', 'Thị xã Quế Võ', 'Phường Bằng An'), ('fbe3d109-4849-4fbe-b7e1-ddebebd12978', 'DN000002', 'Doanh nghiệp', 'CÔNG TY TNHH KIỂM SOÁT CÔN TRÙNG SAO VIỆT', '0394983302', 'Mai Thanh Toán', '0920711865', 'a@gmail.com', 'Quản lý chất lượng', 's', '2025-08-13 23:37:24.326492+00', '', 'số 15/25 Đường Thạnh Xuân 25', '6727', '194', '22', 'Mai Thanh Toán Nha', 'Quản lý cơ sở', '0909999999', 'Tỉnh Quảng Ninh', 'Thành phố Móng Cái', 'Xã Bắc Sơn'), ('ffa91263-3d2b-42f4-9452-5bb6a9a41fe7', 'DN000004', 'Doanh nghiệp', 'Công ty Quốc Lập', '0350949987', 'Phạm Thị Lan', '0919101250', 'a@gmail.com', 'Quản lý chất lượng', '', '2025-08-14 00:59:33.130449+00', '', '121xa', '8320', '234', '25', 'Phạm Thị Lan', 'Quản lý cơ sở', '0909', 'Tỉnh Phú Thọ', 'Huyện Yên Lập', 'Xã Đồng Lạc');
INSERT INTO "public"."daily_chemical_status" ("id", "user_id", "date", "status", "notes", "confirmed_at", "created_at", "updated_at", "date_type", "start_date", "end_date") VALUES ('1', '7e3ebcf0-6995-471c-8928-65e3ce9e1d4e', '2025-07-23_2025-08-15', 'confirmed', 'Lấy đủ hóa chất từ ngày 23/07/2025 đến ngày 15/08/2025', '2025-08-14 22:24:50.7+00', '2025-08-15 05:24:51.630777+00', '2025-08-15 05:24:51.630777+00', 'range', '2025-07-23', '2025-08-15');
INSERT INTO "public"."job_assignments" ("id", "created_at", "job_id", "technician_id", "assigned_at", "status", "notes", "role") VALUES ('1', '2025-08-14 02:42:23.415392+00', '24', '4304a276-30e9-4465-8be9-97b582a7da56', '2025-08-14 02:42:23.415392+00', 'assigned', null, 'member'), ('5', '2025-08-14 03:59:46.449406+00', '25', '4304a276-30e9-4465-8be9-97b582a7da56', '2025-08-14 03:59:46.449406+00', 'assigned', null, 'member'), ('6', '2025-08-14 04:00:14.991413+00', '14', '4304a276-30e9-4465-8be9-97b582a7da56', '2025-08-14 04:00:14.991413+00', 'assigned', null, 'member'), ('7', '2025-08-14 04:04:54.427011+00', '28', '4304a276-30e9-4465-8be9-97b582a7da56', '2025-08-14 04:04:54.427011+00', 'assigned', null, 'member'), ('23', '2025-08-14 21:16:26.653221+00', '101', '4304a276-30e9-4465-8be9-97b582a7da56', '2025-08-14 21:16:26.653221+00', 'assigned', null, 'member'), ('24', '2025-08-14 21:16:26.653221+00', '101', '7e3ebcf0-6995-471c-8928-65e3ce9e1d4f', '2025-08-14 21:16:26.653221+00', 'assigned', null, 'member'), ('25', '2025-08-14 21:16:26.653221+00', '102', '7e3ebcf0-6995-471c-8928-65e3ce9e1d4f', '2025-08-14 21:16:26.653221+00', 'assigned', null, 'member'), ('26', '2025-08-14 21:16:26.653221+00', '103', '7e3ebcf0-6995-471c-8928-65e3ce9e1d50', '2025-08-14 21:16:26.653221+00', 'assigned', null, 'member'), ('27', '2025-08-14 21:16:26.653221+00', '103', '7e3ebcf0-6995-471c-8928-65e3ce9e1d51', '2025-08-14 21:16:26.653221+00', 'assigned', null, 'member'), ('28', '2025-08-14 21:16:26.653221+00', '104', '7e3ebcf0-6995-471c-8928-65e3ce9e1d51', '2025-08-14 21:16:26.653221+00', 'assigned', null, 'member'), ('29', '2025-08-14 21:16:26.653221+00', '105', '7e3ebcf0-6995-471c-8928-65e3ce9e1d52', '2025-08-14 21:16:26.653221+00', 'assigned', null, 'member'), ('30', '2025-08-14 21:16:26.653221+00', '105', '4304a276-30e9-4465-8be9-97b582a7da56', '2025-08-14 21:16:26.653221+00', 'assigned', null, 'member'), ('31', '2025-08-14 21:16:26.653221+00', '106', '4304a276-30e9-4465-8be9-97b582a7da56', '2025-08-14 21:16:26.653221+00', 'assigned', null, 'member'), ('32', '2025-08-14 21:16:26.653221+00', '107', '7e3ebcf0-6995-471c-8928-65e3ce9e1d4f', '2025-08-14 21:16:26.653221+00', 'assigned', null, 'member'), ('33', '2025-08-14 21:16:26.653221+00', '107', '7e3ebcf0-6995-471c-8928-65e3ce9e1d50', '2025-08-14 21:16:26.653221+00', 'assigned', null, 'member'), ('34', '2025-08-14 21:16:26.653221+00', '108', '7e3ebcf0-6995-471c-8928-65e3ce9e1d50', '2025-08-14 21:16:26.653221+00', 'assigned', null, 'member'), ('35', '2025-08-14 21:16:26.653221+00', '109', '7e3ebcf0-6995-471c-8928-65e3ce9e1d51', '2025-08-14 21:16:26.653221+00', 'assigned', null, 'member'), ('36', '2025-08-14 21:16:26.653221+00', '109', '7e3ebcf0-6995-471c-8928-65e3ce9e1d52', '2025-08-14 21:16:26.653221+00', 'assigned', null, 'member'), ('37', '2025-08-14 21:16:26.653221+00', '110', '7e3ebcf0-6995-471c-8928-65e3ce9e1d52', '2025-08-14 21:16:26.653221+00', 'assigned', null, 'member'), ('41', '2025-08-14 21:23:21.019801+00', '111', '7e3ebcf0-6995-471c-8928-65e3ce9e1d4f', '2025-08-14 21:23:21.019801+00', 'assigned', null, 'member'), ('42', '2025-08-14 21:23:21.019801+00', '112', '7e3ebcf0-6995-471c-8928-65e3ce9e1d52', '2025-08-14 21:23:21.019801+00', 'assigned', null, 'member'), ('44', '2025-08-15 03:54:32.697488+00', '113', '7e3ebcf0-6995-471c-8928-65e3ce9e1d50', '2025-08-15 03:54:32.697488+00', 'assigned', null, 'member');
INSERT INTO "public"."job_checklist_items" ("id", "job_id", "checklist_id", "completed", "notes", "completed_at", "created_at") VALUES ('10', '1', '770e8400-e29b-41d4-a716-446655440002', 'false', null, null, '2025-08-14 18:33:05.878639+00'), ('12', '2', '770e8400-e29b-41d4-a716-446655440004', 'false', null, null, '2025-08-14 18:33:05.878639+00'), ('13', '2', '770e8400-e29b-41d4-a716-446655440005', 'false', null, null, '2025-08-14 18:33:05.878639+00'), ('14', '2', '770e8400-e29b-41d4-a716-446655440006', 'false', null, null, '2025-08-14 18:33:05.878639+00'), ('17', '101', '96dc9588-1851-4ed3-9f6f-b3d178d3b83d', 'true', 'Hoàn thành theo kế hoạch', '2025-08-14 21:19:51.104498+00', '2025-08-15 04:13:40.661222+00'), ('18', '101', '770e8400-e29b-41d4-a716-446655440002', 'true', 'Hoàn thành theo kế hoạch', '2025-08-14 21:19:51.104498+00', '2025-08-15 04:13:40.661222+00'), ('19', '102', '770e8400-e29b-41d4-a716-446655440005', 'true', 'Hoàn thành theo kế hoạch', '2025-08-14 21:19:51.104498+00', '2025-08-15 04:13:40.661222+00'), ('20', '102', '770e8400-e29b-41d4-a716-446655440006', 'true', 'Hoàn thành theo kế hoạch', '2025-08-14 21:19:51.104498+00', '2025-08-15 04:13:40.661222+00'), ('21', '103', '814e098c-c9ec-4206-aa92-fc9b2bba62f4', 'true', 'Hoàn thành theo kế hoạch', '2025-08-14 21:19:51.104498+00', '2025-08-15 04:13:40.661222+00'), ('22', '103', '83dcc388-21a3-4981-8a75-e4c5f0015a7c', 'true', 'Hoàn thành theo kế hoạch', '2025-08-14 21:19:51.104498+00', '2025-08-15 04:13:40.661222+00'), ('23', '104', '770e8400-e29b-41d4-a716-446655440004', 'true', 'Hoàn thành theo kế hoạch', '2025-08-14 21:19:51.104498+00', '2025-08-15 04:13:40.661222+00'), ('24', '104', '770e8400-e29b-41d4-a716-446655440006', 'true', 'Hoàn thành theo kế hoạch', '2025-08-14 21:19:51.104498+00', '2025-08-15 04:13:40.661222+00'), ('25', '105', 'e165e2e1-ddfd-4ebf-a25c-43e7ee42bf15', 'true', 'Hoàn thành theo kế hoạch', '2025-08-14 21:19:51.104498+00', '2025-08-15 04:13:40.661222+00'), ('26', '105', '770e8400-e29b-41d4-a716-446655440002', 'true', 'Hoàn thành theo kế hoạch', '2025-08-14 21:19:51.104498+00', '2025-08-15 04:13:40.661222+00'), ('27', '106', '96dc9588-1851-4ed3-9f6f-b3d178d3b83d', 'true', 'Hoàn thành theo kế hoạch', '2025-08-14 21:19:51.104498+00', '2025-08-15 04:13:40.661222+00'), ('28', '106', '770e8400-e29b-41d4-a716-446655440006', 'true', 'Hoàn thành theo kế hoạch', '2025-08-14 21:19:51.104498+00', '2025-08-15 04:13:40.661222+00'), ('29', '107', '770e8400-e29b-41d4-a716-446655440005', 'true', 'Hoàn thành theo kế hoạch', '2025-08-14 21:19:51.104498+00', '2025-08-15 04:13:40.661222+00'), ('30', '107', '770e8400-e29b-41d4-a716-446655440006', 'true', 'Hoàn thành theo kế hoạch', '2025-08-14 21:19:51.104498+00', '2025-08-15 04:13:40.661222+00'), ('31', '108', '770e8400-e29b-41d4-a716-446655440002', 'true', 'Hoàn thành theo kế hoạch', '2025-08-14 21:19:51.104498+00', '2025-08-15 04:13:40.661222+00'), ('32', '108', '770e8400-e29b-41d4-a716-446655440004', 'true', 'Hoàn thành theo kế hoạch', '2025-08-14 21:19:51.104498+00', '2025-08-15 04:13:40.661222+00'), ('33', '109', '770e8400-e29b-41d4-a716-446655440002', 'true', 'Hoàn thành theo kế hoạch', '2025-08-14 21:19:51.104498+00', '2025-08-15 04:13:40.661222+00'), ('34', '109', '770e8400-e29b-41d4-a716-446655440006', 'true', 'Hoàn thành theo kế hoạch', '2025-08-14 21:19:51.104498+00', '2025-08-15 04:13:40.661222+00'), ('35', '110', '83dcc388-21a3-4981-8a75-e4c5f0015a7c', 'true', 'Hoàn thành theo kế hoạch', '2025-08-14 21:19:51.104498+00', '2025-08-15 04:13:40.661222+00'), ('36', '110', '96dc9588-1851-4ed3-9f6f-b3d178d3b83d', 'true', 'Hoàn thành theo kế hoạch', '2025-08-14 21:19:51.104498+00', '2025-08-15 04:13:40.661222+00'), ('37', '111', '770e8400-e29b-41d4-a716-446655440004', 'true', 'Đã phun khu vực chính', null, '2025-08-15 04:21:50.876826+00'), ('38', '111', '770e8400-e29b-41d4-a716-446655440002', 'false', 'Chưa vệ sinh xong', null, '2025-08-15 04:21:50.876826+00'), ('39', '112', '814e098c-c9ec-4206-aa92-fc9b2bba62f4', 'true', 'Đặt 2 bẫy', null, '2025-08-15 04:21:50.876826+00'), ('40', '112', '770e8400-e29b-41d4-a716-446655440002', 'false', 'Chưa vệ sinh cuối ca', null, '2025-08-15 04:21:50.876826+00'), ('41', '113', '96dc9588-1851-4ed3-9f6f-b3d178d3b83d', 'false', 'Mới xử lý một phần', null, '2025-08-15 04:21:50.876826+00'), ('42', '113', '770e8400-e29b-41d4-a716-446655440006', 'false', 'Chưa kiểm tra khe hở', null, '2025-08-15 04:21:50.876826+00');
INSERT INTO "public"."job_materials" ("id", "job_id", "material_id", "required_quantity", "actual_quantity", "notes", "created_at") VALUES ('5', '1', '660e8400-e29b-41d4-a716-446655440001', '1.50', '0.00', null, '2025-08-14 18:33:05.878639+00'), ('6', '1', '660e8400-e29b-41d4-a716-446655440002', '0.50', '0.00', null, '2025-08-14 18:33:05.878639+00'), ('7', '2', '660e8400-e29b-41d4-a716-446655440003', '1.00', '0.00', null, '2025-08-14 18:33:05.878639+00'), ('8', '2', '660e8400-e29b-41d4-a716-446655440004', '200.00', '0.00', null, '2025-08-14 18:33:05.878639+00'), ('66', '101', '660e8400-e29b-41d4-a716-446655440003', '2.00', '2.00', null, '2025-08-15 04:13:35.141075+00'), ('67', '101', '660e8400-e29b-41d4-a716-446655440006', '5.00', '5.00', null, '2025-08-15 04:13:35.141075+00'), ('68', '102', '660e8400-e29b-41d4-a716-446655440004', '500.00', '500.00', null, '2025-08-15 04:13:35.141075+00'), ('69', '102', '660e8400-e29b-41d4-a716-446655440006', '3.00', '3.00', null, '2025-08-15 04:13:35.141075+00'), ('70', '103', '660e8400-e29b-41d4-a716-446655440006', '5.00', '5.00', null, '2025-08-15 04:13:35.141075+00'), ('71', '103', '660e8400-e29b-41d4-a716-446655440003', '1.00', '1.00', null, '2025-08-15 04:13:35.141075+00'), ('72', '104', '660e8400-e29b-41d4-a716-446655440003', '3.00', '3.00', null, '2025-08-15 04:13:35.141075+00'), ('73', '104', '660e8400-e29b-41d4-a716-446655440005', '1.00', '1.00', null, '2025-08-15 04:13:35.141075+00'), ('74', '105', '660e8400-e29b-41d4-a716-446655440006', '3.00', '3.00', null, '2025-08-15 04:13:35.141075+00'), ('75', '105', '660e8400-e29b-41d4-a716-446655440002', '1.00', '1.00', null, '2025-08-15 04:13:35.141075+00'), ('76', '106', '660e8400-e29b-41d4-a716-446655440005', '1.00', '1.00', null, '2025-08-15 04:13:35.141075+00'), ('77', '106', '660e8400-e29b-41d4-a716-446655440002', '0.50', '0.50', null, '2025-08-15 04:13:35.141075+00'), ('78', '107', '660e8400-e29b-41d4-a716-446655440004', '200.00', '200.00', null, '2025-08-15 04:13:35.141075+00'), ('79', '107', '660e8400-e29b-41d4-a716-446655440006', '2.00', '2.00', null, '2025-08-15 04:13:35.141075+00'), ('80', '108', '660e8400-e29b-41d4-a716-446655440002', '2.00', '2.00', null, '2025-08-15 04:13:35.141075+00'), ('81', '108', '660e8400-e29b-41d4-a716-446655440003', '1.00', '1.00', null, '2025-08-15 04:13:35.141075+00'), ('82', '109', '660e8400-e29b-41d4-a716-446655440002', '3.00', '3.00', null, '2025-08-15 04:13:35.141075+00'), ('83', '110', '660e8400-e29b-41d4-a716-446655440003', '1.00', '1.00', null, '2025-08-15 04:13:35.141075+00'), ('84', '110', '660e8400-e29b-41d4-a716-446655440006', '2.00', '2.00', null, '2025-08-15 04:13:35.141075+00'), ('103', '111', '660e8400-e29b-41d4-a716-446655440003', '2.00', '1.00', null, '2025-08-15 04:21:43.847456+00'), ('104', '111', '660e8400-e29b-41d4-a716-446655440005', '1.00', '0.50', null, '2025-08-15 04:21:43.847456+00'), ('105', '112', '660e8400-e29b-41d4-a716-446655440001', '4.00', '2.00', null, '2025-08-15 04:21:43.847456+00'), ('106', '112', '660e8400-e29b-41d4-a716-446655440003', '1.00', '0.80', null, '2025-08-15 04:21:43.847456+00'), ('107', '113', '660e8400-e29b-41d4-a716-446655440003', '1.50', '0.00', null, '2025-08-15 04:21:43.847456+00'), ('108', '113', '660e8400-e29b-41d4-a716-446655440005', '1.00', '0.00', null, '2025-08-15 04:21:43.847456+00');
INSERT INTO "public"."job_report_images" ("id", "report_id", "image_url", "created_at") VALUES ('1', '1', 'https://dichvudietcontrung.vn/wp-content/uploads/2025/05/dich-vu-diet-con-trung-nha-may-phuc-thuoc-ben-trong.webp', '2025-08-14 18:35:32.79329+00'), ('2', '2', 'https://dichvudietcontrung.vn/wp-content/uploads/2025/05/dich-vu-diet-con-trung-nha-may-phuc-thuoc-ben-trong.webp', '2025-08-15 04:18:16.62725+00'), ('3', '2', 'https://dichvudietcontrung.vn/wp-content/uploads/2025/05/dich-vu-diet-con-trung-nha-may-phuc-thuoc-ben-trong.webp', '2025-08-15 04:18:16.62725+00'), ('4', '3', 'https://dichvudietcontrung.vn/wp-content/uploads/2025/05/dich-vu-diet-con-trung-nha-may-phuc-thuoc-ben-trong.webp', '2025-08-15 04:18:16.62725+00'), ('5', '4', 'https://dichvudietcontrung.vn/wp-content/uploads/2025/05/dich-vu-diet-con-trung-nha-may-phuc-thuoc-ben-trong.webp', '2025-08-15 04:18:16.62725+00'), ('6', '5', 'https://dichvudietcontrung.vn/wp-content/uploads/2025/05/dich-vu-diet-con-trung-nha-may-phuc-thuoc-ben-trong.webp', '2025-08-15 04:18:16.62725+00'), ('7', '6', 'https://dichvudietcontrung.vn/wp-content/uploads/2025/05/dich-vu-diet-con-trung-nha-may-phuc-thuoc-ben-trong.webp', '2025-08-15 04:18:16.62725+00'), ('8', '7', 'https://dichvudietcontrung.vn/wp-content/uploads/2025/05/dich-vu-diet-con-trung-nha-may-phuc-thuoc-ben-trong.webp', '2025-08-15 04:18:16.62725+00'), ('9', '8', 'https://dichvudietcontrung.vn/wp-content/uploads/2025/05/dich-vu-diet-con-trung-nha-may-phuc-thuoc-ben-trong.webp', '2025-08-15 04:18:16.62725+00'), ('10', '9', 'https://dichvudietcontrung.vn/wp-content/uploads/2025/05/dich-vu-diet-con-trung-nha-may-phuc-thuoc-ben-trong.webp', '2025-08-15 04:18:16.62725+00'), ('11', '10', 'https://dichvudietcontrung.vn/wp-content/uploads/2025/05/dich-vu-diet-con-trung-nha-may-phuc-thuoc-ben-trong.webp', '2025-08-15 04:18:16.62725+00'), ('12', '11', 'https://dichvudietcontrung.vn/wp-content/uploads/2025/05/dich-vu-diet-con-trung-nha-may-phuc-thuoc-ben-trong.webp', '2025-08-15 04:18:16.62725+00'), ('13', '12', 'https://dichvudietcontrung.vn/wp-content/uploads/2025/05/dich-vu-diet-con-trung-nha-may-phuc-thuoc-ben-trong.webp', '2025-08-15 04:18:16.62725+00'), ('14', '13', 'https://dichvudietcontrung.vn/wp-content/uploads/2025/05/dich-vu-diet-con-trung-nha-may-phuc-thuoc-ben-trong.webp', '2025-08-15 04:18:16.62725+00'), ('15', '14', 'https://dichvudietcontrung.vn/wp-content/uploads/2025/05/dich-vu-diet-con-trung-nha-may-phuc-thuoc-ben-trong.webp', '2025-08-15 04:18:16.62725+00'), ('16', '15', 'https://dichvudietcontrung.vn/wp-content/uploads/2025/05/dich-vu-diet-con-trung-nha-may-phuc-thuoc-ben-trong.webp', '2025-08-15 04:18:16.62725+00'), ('17', '16', 'https://dichvudietcontrung.vn/wp-content/uploads/2025/05/dich-vu-diet-con-trung-nha-may-phuc-thuoc-ben-trong.webp', '2025-08-15 04:18:16.62725+00'), ('18', '17', 'https://dichvudietcontrung.vn/wp-content/uploads/2025/05/dich-vu-diet-con-trung-nha-may-phuc-thuoc-ben-trong.webp', '2025-08-15 04:23:38.121704+00'), ('19', '18', 'https://dichvudietcontrung.vn/wp-content/uploads/2025/05/dich-vu-diet-con-trung-nha-may-phuc-thuoc-ben-trong.webp', '2025-08-15 04:23:38.121704+00');
INSERT INTO "public"."jobs" ("id", "created_at", "customer_id", "user_id", "job_description", "status", "scheduled_date", "service_type", "job_content", "notes", "checklist", "completed", "scheduled_time", "contact_person", "contact_phone", "special_requests", "address", "team_lead_id", "team_size", "team_members") VALUES ('1', '2025-08-14 11:33:05.878639+00', '550e8400-e29b-41d4-a716-446655440001', '7e3ebcf0-6995-471c-8928-65e3ce9e1d4e', 'Kiểm tra bẫy, bã', 'Đã giao', '2025-08-14 01:00:00+00', 'Kiểm tra bẫy, bã', 'Kiểm tra bẫy, bã', null, null, 'false', '08:00 - 10:00', 'Chị Lan', '0901234567', 'Mang theo dụng cụ kiểm tra', '123 Đường Nguyễn Huệ, Q1, TP.HCM', null, '1', 'Nguyễn Văn A, Trần Thị B'), ('2', '2025-08-14 11:33:05.878639+00', '550e8400-e29b-41d4-a716-446655440002', '7e3ebcf0-6995-471c-8928-65e3ce9e1d4e', 'Diệt côn trùng định kỳ', 'Đã giao', '2025-08-14 03:30:00+00', 'Diệt côn trùng', 'Diệt côn trùng định kỳ', null, null, 'false', '10:30 - 12:00', 'Anh Bình', '0908765432', 'Cẩn thận với vật nuôi trong nhà.', '456 Đường Trần Hưng Đạo, Q5, TP.HCM', null, '1', null), ('3', '2025-08-14 11:33:05.878639+00', '550e8400-e29b-41d4-a716-446655440003', '7e3ebcf0-6995-471c-8928-65e3ce9e1d4e', 'Kiểm tra bẫy, bã', 'Đang thực hiện', '2025-08-16 07:00:00+00', 'Kiểm tra bẫy, bã', 'Kiểm tra bẫy, bã', null, null, 'false', '14:00 - 16:00', 'Anh Tuấn', '0912345678', 'Mang theo thang cao.', '789 Đường Lê Lợi, Q3, TP.HCM', null, '1', null), ('14', '2025-08-13 19:00:46.841784+00', '9dc6e168-0c3d-4a1f-8d8b-741048c94357', 'fb16ff41-a1cd-422c-b40c-978a1937ca2b', 'Kiểm tra rắn, kiểm tra mối', 'Hoàn thành', '2025-06-15 00:00:00+00', 'Định kỳ', 'Kiểm tra rắn, kiểm tra mối', '', '{"kiểm_tra_mối"}', 'true', null, null, null, null, null, null, '1', null), ('23', '2025-08-13 19:20:28.198249+00', 'fbe3d109-4849-4fbe-b7e1-ddebebd12978', '7e3ebcf0-6995-471c-8928-65e3ce9e1d4e', 'Kiểm tra rắn', 'Hoàn thành', '2025-07-26 17:00:00+00', null, null, null, null, 'true', null, null, null, null, null, null, '1', null), ('24', '2025-08-14 02:42:23.155575+00', 'fbe3d109-4849-4fbe-b7e1-ddebebd12978', 'fb16ff41-a1cd-422c-b40c-978a1937ca2b', 'kiểm tra đèn', 'Mới tạo', '2025-12-22 11:25:00+00', 'Định kỳ', 'kiểm tra đèn', null, '{"check_bẫy_keo"}', 'false', null, null, null, null, null, null, '1', null), ('25', '2025-08-14 03:04:52.531802+00', 'fbe3d109-4849-4fbe-b7e1-ddebebd12978', 'fb16ff41-a1cd-422c-b40c-978a1937ca2b', 'Phun hóa chất, kiểm tra mối', 'Mới tạo', '2025-11-11 11:00:00+00', 'Định kỳ', 'Phun hóa chất, kiểm tra mối', '', '{"kiểm_tra_mối"}', 'false', null, null, null, null, null, null, '1', null), ('28', '2025-08-14 04:04:54.318104+00', 'fbe3d109-4849-4fbe-b7e1-ddebebd12978', 'fb16ff41-a1cd-422c-b40c-978a1937ca2b', 'Phun hóa chất, đặt bẫy chuột', 'Mới tạo', '2025-08-22 14:07:00+00', 'Định kỳ', 'Phun hóa chất, đặt bẫy chuột', null, '{"đặt_bẫy_chuột"}', 'false', null, null, null, null, null, null, '1', null), ('101', '2025-08-14 21:04:01.897369+00', 'c1111111-e29b-41d4-a716-446655440001', '7e3ebcf0-6995-471c-8928-65e3ce9e1d4e', 'Xử lý mối trong kho gỗ', 'Đã giao', '2025-08-25 01:00:00+00', 'Diệt côn trùng', 'Diệt mối gỗ', null, null, 'false', '08:00 - 11:00', 'Anh Hải', '0901111001', 'Mang theo thuốc diệt mối và bảo hộ lao động', '101 Đường Xanh, Q1, TP.HCM', null, '1', null), ('102', '2025-08-14 21:04:01.897369+00', 'c1111111-e29b-41d4-a716-446655440002', 'eeaa680d-4dc7-46a4-9026-ddc70db72afe', 'Phun thuốc diệt gián', 'Đã giao', '2025-08-25 06:00:00+00', 'Diệt côn trùng', 'Phun diệt gián trong cửa hàng', null, null, 'false', '13:00 - 14:30', 'Chị Hiền', '0901111002', 'Tránh khu vực bếp', '102 Đường Hoa, Q2, TP.HCM', null, '1', null), ('103', '2025-08-14 21:04:01.897369+00', 'c1111111-e29b-41d4-a716-446655440003', 'cff541be-9c8d-4412-ba99-cd5d87c5b982', 'Đặt bẫy chuột quanh xưởng', 'Đã giao', '2025-08-26 01:00:00+00', 'Diệt côn trùng', 'Đặt bẫy chuột tại 5 vị trí', null, null, 'false', '08:00 - 10:00', 'Anh Phát', '0901111003', 'Sử dụng bẫy an toàn cho vật nuôi', '103 Đường Công Nghiệp, Q3, TP.HCM', null, '1', null), ('104', '2025-08-14 21:04:01.897369+00', 'c1111111-e29b-41d4-a716-446655440004', '62fa0954-7e9f-421d-9407-8a3175b80913', 'Phun thuốc muỗi sân trường', 'Đã giao', '2025-08-26 07:00:00+00', 'Diệt côn trùng', 'Phun thuốc diệt muỗi toàn khuôn viên', null, null, 'false', '14:00 - 16:00', 'Cô Liên', '0901111004', 'Tránh giờ tan học', '104 Đường Học, Q4, TP.HCM', null, '1', null), ('105', '2025-08-14 21:04:01.897369+00', 'c1111111-e29b-41d4-a716-446655440005', 'f9d54d16-dcbb-4d13-ad2b-5582d41c7343', 'Xử lý ruồi trong nhà hàng', 'Đã giao', '2025-08-27 01:00:00+00', 'Diệt côn trùng', 'Phun & đặt bẫy ruồi', null, null, 'false', '08:00 - 09:30', 'Anh Sơn', '0901111005', 'Che chắn khu vực chế biến', '105 Đường Biển, Q5, TP.HCM', null, '1', null), ('106', '2025-08-14 21:04:01.897369+00', 'c1111111-e29b-41d4-a716-446655440006', '7e3ebcf0-6995-471c-8928-65e3ce9e1d4e', 'Kiểm tra mối mọt hành lang', 'Đang thực hiện', '2025-08-27 03:00:00+00', 'Kiểm tra', 'Kiểm tra gỗ và nền khu vực hành lang', null, null, 'false', '10:00 - 11:00', 'BQL Tầng Trệt', '0901111006', 'Mang theo đèn pin', '106 Đường An Lạc, Q6, TP.HCM', null, '1', null), ('107', '2025-08-14 21:04:01.897369+00', 'c1111111-e29b-41d4-a716-446655440007', 'eeaa680d-4dc7-46a4-9026-ddc70db72afe', 'Phun thuốc diệt kiến đỏ', 'Đã giao', '2025-08-28 01:00:00+00', 'Diệt côn trùng', 'Phun thuốc cánh tủ, kho', null, null, 'false', '08:00 - 09:00', 'Chị Ngọc', '0901111007', 'Sử dụng thuốc không mùi', '107 Đường Siêu Thị, Q7, TP.HCM', null, '1', null), ('108', '2025-08-14 21:04:01.897369+00', 'c1111111-e29b-41d4-a716-446655440008', 'cff541be-9c8d-4412-ba99-cd5d87c5b982', 'Vệ sinh và phun trùng chuồng trại', 'Đã giao', '2025-08-28 07:00:00+00', 'Vệ sinh/Diệt côn trùng', 'Vệ sinh & phun thuốc trại bò', null, null, 'false', '14:00 - 16:00', 'Anh Bình', '0901111008', 'Mang ủng, khẩu trang', '108 Đường Đồng, Q8, TP.HCM', null, '1', null), ('109', '2025-08-14 21:04:01.897369+00', 'c1111111-e29b-41d4-a716-446655440009', '62fa0954-7e9f-421d-9407-8a3175b80913', 'Phun khử trùng kho bao bì', 'Đã giao', '2025-08-29 01:00:00+00', 'Khử trùng', 'Phun dung dịch sát khuẩn toàn kho', null, null, 'false', '08:00 - 09:30', 'Anh Công', '0901111009', 'Đảm bảo quạt thông gió hoạt động', '109 Đường Bao Bì, Q9, TP.HCM', null, '1', null), ('110', '2025-08-14 21:04:01.897369+00', 'c1111111-e29b-41d4-a716-446655440010', 'f9d54d16-dcbb-4d13-ad2b-5582d41c7343', 'Kiểm tra và xử lý mọt gạo', 'Đã giao', '2025-08-29 07:00:00+00', 'Diệt côn trùng', 'Hút mọt gạo trong kho', null, null, 'false', '14:00 - 16:00', 'Anh Nam', '0901111010', 'Mang máy hút và thuốc diệt mọt', '110 Đường Kho, Q10, TP.HCM', null, '1', null), ('111', '2025-08-14 21:19:57.817244+00', 'c1111111-e29b-41d4-a716-446655440002', 'eeaa680d-4dc7-46a4-9026-ddc70db72afe', 'Phun thuốc diệt muỗi nhà kho', 'Đã giao', '2025-09-01 01:00:00+00', 'Diệt côn trùng', 'Phun thuốc muỗi quanh kho', null, null, 'false', '08:00 - 09:30', 'Chị Hiền', '0901111002', 'Mang khẩu trang và kính bảo hộ.', '102 Đường Hoa, Q2, TP.HCM', null, '1', null), ('112', '2025-08-14 21:19:57.817244+00', 'c1111111-e29b-41d4-a716-446655440005', 'f9d54d16-dcbb-4d13-ad2b-5582d41c7343', 'Đặt bẫy chuột quán ăn', 'Đã giao', '2025-09-02 07:00:00+00', 'Diệt côn trùng', 'Đặt bẫy chuột khu bếp và kho', null, null, 'false', '14:00 - 15:30', 'Anh Sơn', '0901111005', 'Sử dụng bẫy an toàn cho thú cưng.', '105 Đường Biển, Q5, TP.HCM', null, '1', null), ('113', '2025-08-14 21:19:57.817244+00', 'c1111111-e29b-41d4-a716-446655440010', 'cff541be-9c8d-4412-ba99-cd5d87c5b982', 'Xử lý mối tạm thời kho gạo', 'Đã giao', '2025-09-03 02:00:00+00', 'Diệt côn trùng', 'Kiểm tra và xử lý ổ mối nhỏ', '', '{}', 'false', '09:00 - 10:00', 'Anh Nam', '0901111010', 'Mang thuốc diệt mối và đèn pin.', '110 Đường Kho, Q10, TP.HCM', null, '1', null);
INSERT INTO "public"."materials" ("id", "name", "unit", "category", "notes", "active", "created_at") VALUES ('660e8400-e29b-41d4-a716-446655440001', 'Ga lạnh R410A', 'kg', 'hóa chất', null, 'true', '2025-08-14 18:31:58.395963+00'), ('660e8400-e29b-41d4-a716-446655440002', 'Chất tẩy rửa dàn lạnh', 'lít', 'hóa chất', null, 'true', '2025-08-14 18:31:58.395963+00'), ('660e8400-e29b-41d4-a716-446655440003', 'Thuốc diệt muỗi', 'lít', 'thuốc diệt côn trùng', null, 'true', '2025-08-14 18:31:58.395963+00'), ('660e8400-e29b-41d4-a716-446655440004', 'Thuốc diệt gián', 'gram', 'thuốc diệt côn trùng', null, 'true', '2025-08-14 18:31:58.395963+00'), ('660e8400-e29b-41d4-a716-446655440005', 'Dụng cụ kiểm tra áp suất', 'cái', 'dụng cụ', null, 'true', '2025-08-14 18:31:58.395963+00'), ('660e8400-e29b-41d4-a716-446655440006', 'Bẫy gián', 'cái', 'dụng cụ', null, 'true', '2025-08-14 18:31:58.395963+00');
INSERT INTO "public"."profiles" ("id", "name", "phone", "position", "role", "active", "created_at") VALUES ('7e3ebcf0-6995-471c-8928-65e3ce9e1d4e', 'Nguyễn Minh Nhựt', '0908123456', 'Kỹ thuật viên', 'technician', 'true', '2025-08-14 02:04:58.937215+00');
INSERT INTO "public"."technician_users" ("technician_id", "user_id", "tech_code", "name", "email", "phone", "active", "auth_email", "full_name") VALUES ('4304a276-30e9-4465-8be9-97b582a7da56', '7e3ebcf0-6995-471c-8928-65e3ce9e1d4e', 'KTV001', 'Nguyễn Minh Nhựt', 'nhanvien1@gmail.com', '0908123456', 'true', 'nhanvien1@gmail.com', null), ('5498874a-b5fa-433e-9427-851e43a93a51', 'fb16ff41-a1cd-422c-b40c-978a1937ca2b', 'TECH_fb16ff41', 'thach11149', 'thach11149@gmail.com', null, 'true', 'thach11149@gmail.com', null), ('7e3ebcf0-6995-471c-8928-65e3ce9e1d4f', 'eeaa680d-4dc7-46a4-9026-ddc70db72afe', 'KTV002', 'Trần Văn Hùng', 'nhanvien2@gmail.com', '0908123457', 'true', 'nhanvien2@gmail.com', null), ('7e3ebcf0-6995-471c-8928-65e3ce9e1d50', 'cff541be-9c8d-4412-ba99-cd5d87c5b982', 'KTV003', 'Lê Thị Hoa', 'nhanvien3@gmail.com', '0908123458', 'true', 'nhanvien3@gmail.com', null), ('7e3ebcf0-6995-471c-8928-65e3ce9e1d51', '62fa0954-7e9f-421d-9407-8a3175b80913', 'KTV004', 'Phạm Văn Tài', 'nhanvien4@gmail.com', '0908123459', 'true', 'nhanvien4@gmail.com', null), ('7e3ebcf0-6995-471c-8928-65e3ce9e1d52', 'f9d54d16-dcbb-4d13-ad2b-5582d41c7343', 'KTV005', 'Nguyễn Thị Mai', 'nhanvien5@gmail.com', '0908123460', 'true', 'nhanvien5@gmail.com', null), ('be5562f8-c1f3-42b8-b7f9-3a607dd014a8', '067a009e-b0f2-432f-91df-e4aa8cc6fc47', 'TECH_067a009e', 'quanly1', 'quanly1@gmail.com', null, 'true', 'quanly1@gmail.com', null), ('ce13b958-d365-420d-8eff-55eb68a203c0', 'cd2b634c-857e-42f2-81dd-b780b33c86a5', 'TECH_cd2b634c', 'admin1', 'admin1@gmail.com', null, 'true', 'admin1@gmail.com', null);
INSERT INTO "public"."technicians" ("id", "user_id", "tech_code", "name", "phone", "email", "position", "active", "created_at") VALUES ('4304a276-30e9-4465-8be9-97b582a7da56', '7e3ebcf0-6995-471c-8928-65e3ce9e1d4e', 'KTV001', 'Nguyễn Minh Nhựt', '0908123456', 'nhanvien1@gmail.com', 'Kỹ thuật viên', 'true', '2025-08-14 02:04:58.937215+00'), ('5498874a-b5fa-433e-9427-851e43a93a51', 'fb16ff41-a1cd-422c-b40c-978a1937ca2b', 'TECH_fb16ff41', 'thach11149', null, 'thach11149@gmail.com', null, 'true', '2025-08-15 04:47:45.138583+00'), ('7e3ebcf0-6995-471c-8928-65e3ce9e1d4f', 'eeaa680d-4dc7-46a4-9026-ddc70db72afe', 'KTV002', 'Trần Văn Hùng', '0908123457', 'nhanvien2@gmail.com', 'Kỹ thuật viên', 'true', '2025-08-14 20:21:26.374146+00'), ('7e3ebcf0-6995-471c-8928-65e3ce9e1d50', 'cff541be-9c8d-4412-ba99-cd5d87c5b982', 'KTV003', 'Lê Thị Hoa', '0908123458', 'nhanvien3@gmail.com', 'Kỹ thuật viên', 'true', '2025-08-14 20:21:26.374146+00'), ('7e3ebcf0-6995-471c-8928-65e3ce9e1d51', '62fa0954-7e9f-421d-9407-8a3175b80913', 'KTV004', 'Phạm Văn Tài', '0908123459', 'nhanvien4@gmail.com', 'Kỹ thuật viên', 'true', '2025-08-14 20:21:26.374146+00'), ('7e3ebcf0-6995-471c-8928-65e3ce9e1d52', 'f9d54d16-dcbb-4d13-ad2b-5582d41c7343', 'KTV005', 'Nguyễn Thị Mai', '0908123460', 'nhanvien5@gmail.com', 'Kỹ thuật viên', 'true', '2025-08-14 20:21:26.374146+00'), ('be5562f8-c1f3-42b8-b7f9-3a607dd014a8', '067a009e-b0f2-432f-91df-e4aa8cc6fc47', 'TECH_067a009e', 'quanly1', null, 'quanly1@gmail.com', null, 'true', '2025-08-15 04:47:45.138583+00'), ('ce13b958-d365-420d-8eff-55eb68a203c0', 'cd2b634c-857e-42f2-81dd-b780b33c86a5', 'TECH_cd2b634c', 'admin1', null, 'admin1@gmail.com', null, 'true', '2025-08-15 04:47:45.138583+00');
INSERT INTO "public"."work_reports" ("id", "job_id", "user_id", "user_email", "check_in_time", "check_out_time", "notes", "created_at", "updated_at") VALUES ('1', '14', 'fb16ff41-a1cd-422c-b40c-978a1937ca2b', 'thach11149@gmail.com', '2025-08-14 11:34:59.165+00', '2025-08-14 11:35:31.93+00', '', '2025-08-14 18:34:59.434271+00', '2025-08-14 11:35:31.93+00'), ('2', '101', '7e3ebcf0-6995-471c-8928-65e3ce9e1d4e', 'nhanvien1@gmail.com', '2025-08-25 01:05:00+00', '2025-08-25 03:55:00+00', 'Phun thuốc mối toàn khu vực, đã xử lý các điểm mối xâm nhập.', '2025-08-15 04:18:03.204866+00', '2025-08-15 04:18:03.204866+00'), ('3', '101', 'eeaa680d-4dc7-46a4-9026-ddc70db72afe', 'nhanvien2@gmail.com', '2025-08-25 01:00:00+00', '2025-08-25 03:50:00+00', 'Phụ trách khu vực kho gỗ và vận hành máy phun.', '2025-08-15 04:18:03.204866+00', '2025-08-15 04:18:03.204866+00'), ('4', '102', 'eeaa680d-4dc7-46a4-9026-ddc70db72afe', 'nhanvien2@gmail.com', '2025-08-25 06:02:00+00', '2025-08-25 07:25:00+00', 'Phun thuốc gián, đặc biệt khu vực kho và bếp.', '2025-08-15 04:18:03.204866+00', '2025-08-15 04:18:03.204866+00'), ('5', '103', 'cff541be-9c8d-4412-ba99-cd5d87c5b982', 'nhanvien3@gmail.com', '2025-08-26 01:02:00+00', '2025-08-26 02:55:00+00', 'Đặt bẫy chuột 5 vị trí.', '2025-08-15 04:18:03.204866+00', '2025-08-15 04:18:03.204866+00'), ('6', '103', '62fa0954-7e9f-421d-9407-8a3175b80913', 'nhanvien4@gmail.com', '2025-08-26 01:05:00+00', '2025-08-26 03:00:00+00', 'Kiểm tra các vị trí mối nguy chuột.', '2025-08-15 04:18:03.204866+00', '2025-08-15 04:18:03.204866+00'), ('7', '104', '62fa0954-7e9f-421d-9407-8a3175b80913', 'nhanvien4@gmail.com', '2025-08-26 07:03:00+00', '2025-08-26 08:55:00+00', 'Phun thuốc muỗi xung quanh sân trường.', '2025-08-15 04:18:03.204866+00', '2025-08-15 04:18:03.204866+00'), ('8', '105', 'f9d54d16-dcbb-4d13-ad2b-5582d41c7343', 'nhanvien5@gmail.com', '2025-08-27 01:00:00+00', '2025-08-27 02:20:00+00', 'Phun thuốc và đặt bẫy ruồi tại khu vực bếp.', '2025-08-15 04:18:03.204866+00', '2025-08-15 04:18:03.204866+00'), ('9', '105', '7e3ebcf0-6995-471c-8928-65e3ce9e1d4e', 'nhanvien1@gmail.com', '2025-08-27 01:05:00+00', '2025-08-27 02:25:00+00', 'Vệ sinh khu vực bàn ăn và đặt bẫy.', '2025-08-15 04:18:03.204866+00', '2025-08-15 04:18:03.204866+00'), ('10', '106', '7e3ebcf0-6995-471c-8928-65e3ce9e1d4e', 'nhanvien1@gmail.com', '2025-08-27 03:03:00+00', '2025-08-27 04:00:00+00', 'Kiểm tra mối mọt ở hành lang, không phát hiện ổ mối.', '2025-08-15 04:18:03.204866+00', '2025-08-15 04:18:03.204866+00'), ('11', '107', 'eeaa680d-4dc7-46a4-9026-ddc70db72afe', 'nhanvien2@gmail.com', '2025-08-28 01:00:00+00', '2025-08-28 01:55:00+00', 'Phun thuốc kiến đỏ quanh kệ hàng.', '2025-08-15 04:18:03.204866+00', '2025-08-15 04:18:03.204866+00'), ('12', '107', 'cff541be-9c8d-4412-ba99-cd5d87c5b982', 'nhanvien3@gmail.com', '2025-08-28 01:02:00+00', '2025-08-28 02:00:00+00', 'Phun tại khu vực kho và cửa ra vào.', '2025-08-15 04:18:03.204866+00', '2025-08-15 04:18:03.204866+00'), ('13', '108', 'cff541be-9c8d-4412-ba99-cd5d87c5b982', 'nhanvien3@gmail.com', '2025-08-28 07:05:00+00', '2025-08-28 08:55:00+00', 'Vệ sinh chuồng trại và phun thuốc trừ ruồi muỗi.', '2025-08-15 04:18:03.204866+00', '2025-08-15 04:18:03.204866+00'), ('14', '109', '62fa0954-7e9f-421d-9407-8a3175b80913', 'nhanvien4@gmail.com', '2025-08-29 01:04:00+00', '2025-08-29 02:20:00+00', 'Phun khử trùng kho bao bì.', '2025-08-15 04:18:03.204866+00', '2025-08-15 04:18:03.204866+00'), ('15', '109', 'f9d54d16-dcbb-4d13-ad2b-5582d41c7343', 'nhanvien5@gmail.com', '2025-08-29 01:02:00+00', '2025-08-29 02:25:00+00', 'Hỗ trợ kéo dây điện cho quạt thông gió.', '2025-08-15 04:18:03.204866+00', '2025-08-15 04:18:03.204866+00'), ('16', '110', 'f9d54d16-dcbb-4d13-ad2b-5582d41c7343', 'nhanvien5@gmail.com', '2025-08-29 07:02:00+00', '2025-08-29 08:50:00+00', 'Hút mọt gạo trong kho, xử lý xung quanh.', '2025-08-15 04:18:03.204866+00', '2025-08-15 04:18:03.204866+00'), ('17', '111', 'eeaa680d-4dc7-46a4-9026-ddc70db72afe', 'nhanvien2@gmail.com', '2025-09-01 01:05:00+00', null, 'Mới phun được 50% diện tích, khách yêu cầu hoãn do trời mưa.', '2025-08-15 04:23:32.331003+00', '2025-08-15 04:23:32.331003+00'), ('18', '112', 'f9d54d16-dcbb-4d13-ad2b-5582d41c7343', 'nhanvien5@gmail.com', '2025-09-02 07:05:00+00', '2025-09-02 07:40:00+00', 'Đặt bẫy xong nhưng chưa tổng vệ sinh.', '2025-08-15 04:23:32.331003+00', '2025-08-15 04:23:32.331003+00'), ('19', '113', 'cff541be-9c8d-4412-ba99-cd5d87c5b982', 'nhanvien3@gmail.com', '2025-09-03 02:05:00+00', null, 'Đang làm dở, thiếu vật tư.', '2025-08-15 04:23:32.331003+00', '2025-08-15 04:23:32.331003+00'), ('20', '23', '7e3ebcf0-6995-471c-8928-65e3ce9e1d4e', 'nhanvien1@gmail.com', '2025-08-14 22:59:13.795+00', '2025-08-14 22:59:22.747+00', '', '2025-08-15 05:59:14.790398+00', '2025-08-14 22:59:22.747+00'), ('21', '3', '7e3ebcf0-6995-471c-8928-65e3ce9e1d4e', 'nhanvien1@gmail.com', '2025-08-14 22:59:42.21+00', null, '', '2025-08-15 05:59:43.157558+00', '2025-08-15 05:59:43.157558+00'), ('22', '106', '7e3ebcf0-6995-471c-8928-65e3ce9e1d4e', 'nhanvien1@gmail.com', '2025-08-14 22:59:52.354+00', null, '', '2025-08-15 05:59:53.307082+00', '2025-08-15 05:59:53.307082+00');